name,url,updated_at
Thành Mập - Chân Gà Rút Xương Ngâm Sả Tắc - Bạch Đằng - Shop Online,https://www.foody.vn/https://www.foody.vn/ho-chi-minh/thanh-map-chan-ga-rut-xuong-ngam-sa-tac-bach-dang-shop-online,2022-03-07 23:06:18
A Xìn - Chân Gà Rút Xương Ngâm Sả Tắc - Shop Online,https://www.foody.vn/https://www.foody.vn/ho-chi-minh/a-xin-chan-ga-rut-xuong-ngam-sa-tac-shop-online,2022-03-07 23:06:18
A Xìn - Chân Gà Rút Xương Ngâm Sả Tắc - Nguyễn Hới - Shop Online,https://www.foody.vn/https://www.foody.vn/ho-chi-minh/a-xin-chan-ga-rut-xuong-ngam-sa-tac-nguyen-hoi-shop-online,2022-03-07 23:06:18
Thành Mập - Chân Gà Rút Xương Ngâm Sả Tắc - Âu Cơ,https://www.foody.vn/https://www.foody.vn/ho-chi-minh/thanh-map-chan-ga-rut-xuong-ngam-sa-tac,2022-03-07 23:06:18
A Xìn - Chân Gà Rút Xương Ngâm Sả Tắc - Đường 35 - Shop Online,https://www.foody.vn/https://www.foody.vn/ho-chi-minh/a-xin-chan-ga-rut-xuong-ngam-sa-tac-duong-35-shop-online,2022-03-07 23:06:18
Thành Mập - Chân Gà Rút Xương Ngâm Sả Tắc - Nguyễn Bặc,https://www.foody.vn/https://www.foody.vn/ho-chi-minh/thanh-map-chan-ga-rut-xuong-ngam-sa-tac-nguyen-bac,2022-03-07 23:06:18
"Trà Sữa, Bánh Gà & Ăn Vặt - Tân Mỹ",https://www.foody.vn/https://www.foody.vn/ho-chi-minh/tra-sua-banh-ga-an-vat-tan-my,2022-03-07 23:06:18
The LOG Restaurant,https://www.foody.vn/https://www.foody.vn/ho-chi-minh/the-log-restaurant,2022-03-07 23:06:18
Chícc Chícc - Gà Rán Hàn Quốc,https://www.foody.vn/https://www.foody.vn/ho-chi-minh/chicc-chicc-ga-ran-han-quoc,2022-03-07 23:06:18
Trong Nành - Sữa Đậu Nành - Sư Vạn Hạnh,https://www.foody.vn/https://www.foody.vn/ho-chi-minh/trong-nanh-sua-dau-nanh-su-van-hanh,2022-03-07 23:06:18
Con Gà Nướng 332,https://www.foody.vn/https://www.foody.vn/ho-chi-minh/con-ga-nuong-332,2022-03-07 23:06:18
Gờ Motorpsycho Coffee,https://www.foody.vn/https://www.foody.vn/ho-chi-minh/go-motorpsycho-coffee,2022-03-07 23:06:18
"The Olive - Ăn Vặt, Burger, Steak",https://www.foody.vn/https://www.foody.vn/ho-chi-minh/the-olive-an-vat-burger-steak,2022-03-07 23:06:18
Friends Milktea - Trà Sữa Khoai Môn Thạch Phô Mai,https://www.foody.vn/https://www.foody.vn/ho-chi-minh/friends-milktea-tra-sua-khoai-mon-thach-pho-mai,2022-03-07 23:06:18
Cơm Gà Hồng Xương - Nguyễn Trãi,https://www.foody.vn/https://www.foody.vn/ho-chi-minh/com-ga-hong-xuong-nguyen-trai,2022-03-07 23:06:18
Chú Tèo Buffet Nướng 99K - Nguyễn Thị Tú,https://www.foody.vn/https://www.foody.vn/ho-chi-minh/chu-teo-buffet-nuong-99k-nguyen-thi-tu,2022-03-07 23:06:18
Stand Craft - Quán Bia & Fast Food,https://www.foody.vn/https://www.foody.vn/ho-chi-minh/stand-craft-quan-bia-fast-food,2022-03-07 23:06:18
Lagom Café,https://www.foody.vn/https://www.foody.vn/ho-chi-minh/lagom-cafe,2022-03-07 23:06:18
Bảo Chung - Gà Ta,https://www.foody.vn/https://www.foody.vn/ho-chi-minh/bao-chung-ga-ta,2022-03-07 23:06:18
Cô Nguyệt - Nem & Chả Huế,https://www.foody.vn/https://www.foody.vn/ho-chi-minh/co-nguyet-nem-cha-hue,2022-03-07 23:06:18
Xôi Tám Cẩu,https://www.foody.vn/https://www.foody.vn/ho-chi-minh/xoi-tam-cau,2022-03-07 23:06:18
Hủ Tíu Xào Ngầu Ký,https://www.foody.vn/https://www.foody.vn/ho-chi-minh/hu-tiu-xao-ngau-ky,2022-03-07 23:06:18
Nhà Hàng Củ Nén - Ẩm Thực Miền Trung,https://www.foody.vn/https://www.foody.vn/ho-chi-minh/nha-hang-cu-nen-am-thuc-mien-trung,2022-03-07 23:06:18
Annz - Japanese Dining,https://www.foody.vn/https://www.foody.vn/ho-chi-minh/annz,2022-03-07 23:06:18
SaSin - Mì Cay 7 Cấp Độ Hàn Quốc - Đường 17A,https://www.foody.vn/https://www.foody.vn/ho-chi-minh/sasin-mi-cay-7-cap-do-han-quoc-duong-17a,2022-03-07 23:06:18
Giò Heo Lực Phát,https://www.foody.vn/https://www.foody.vn/ho-chi-minh/gio-heo-luc-phat,2022-03-07 23:06:18
Bánh Tráng Nướng - Nguyễn Tri Phương,https://www.foody.vn/https://www.foody.vn/ho-chi-minh/banh-trang-nuong-nguyen-tri-phuong,2022-03-07 23:06:18
Bánh Cuốn Đồng Diều - Bánh Cuốn Nóng & Bánh Ướt - 54 Phạm Nhữ Tăng,https://www.foody.vn/https://www.foody.vn/ho-chi-minh/banh-cuon-dong-dieu-banh-cuon-nong-banh-uot-54-pham-nhu-tang.kfmxse,2022-03-07 23:06:18
Rooftop Grand Lounge,https://www.foody.vn/https://www.foody.vn/ho-chi-minh/grand-cafe-grand-hotel-saigon,2022-03-07 23:06:18
Bạch Tuộc Nướng Kiên Giang,https://www.foody.vn/https://www.foody.vn/ho-chi-minh/bach-tuoc-nuong-kien-giang,2022-03-07 23:06:18
Đậu Hủ Cá Viên HongKong - Phan Phú Tiên,https://www.foody.vn/https://www.foody.vn/ho-chi-minh/dau-hu-ca-vien-hongkong-phan-phu-tien.xq42qm,2022-03-07 23:06:18
Mountain Retreat - Vietnamese Cuisine - Lê Lợi,https://www.foody.vn/https://www.foody.vn/ho-chi-minh/mountain-retreat-le-loi,2022-03-07 23:06:18
Level 9 Restaurant - Liberty Saigon Parkview,https://www.foody.vn/https://www.foody.vn/ho-chi-minh/level-9-restaurant-khach-san-que-huong-4,2022-03-07 23:06:19
"Quán Ăn Tâm Ký - Hủ Tiếu Xào, Mì Xào Giòn & Cơm Thập Cẩm",https://www.foody.vn/https://www.foody.vn/ho-chi-minh/quan-an-tam-ky-hu-tieu-xao-mi-xao-gion-com-thap-cam,2022-03-07 23:06:19
Cơm Gà Xối Mỡ Thạch Lam - Tân Thành,https://www.foody.vn/https://www.foody.vn/ho-chi-minh/com-ga-xoi-mo-thach-lam-tan-thanh,2022-03-07 23:06:19
Bánh Mì Campuchia - Nguyễn Thượng Hiền,https://www.foody.vn/https://www.foody.vn/ho-chi-minh/banh-mi-campuchia,2022-03-07 23:06:19
Passio Coffee - 7/28 Thành Thái,https://www.foody.vn/https://www.foody.vn/ho-chi-minh/passio-coffee-thanh-thai,2022-03-07 23:06:19
Bột Chiên Bảo Lâm,https://www.foody.vn/https://www.foody.vn/ho-chi-minh/bot-chien-bao-lam,2022-03-07 23:06:19
SteakZone,https://www.foody.vn/https://www.foody.vn/ho-chi-minh/steak-zone,2022-03-07 23:06:19
Cô Quyên - Chè Dừa Thái Lan - Nguyễn Kiệm,https://www.foody.vn/https://www.foody.vn/ho-chi-minh/co-quyen-che-dua-thai-lan,2022-03-07 23:06:19
Quán S2 - Trà Sữa & Ăn Vặt,https://www.foody.vn/https://www.foody.vn/ho-chi-minh/quan-s2-tra-sua-an-vat,2022-03-07 23:06:19
Mến - Bún Chả Cá Sứa Nha Trang - Hậu Giang,https://www.foody.vn/https://www.foody.vn/ho-chi-minh/men-bun-cha-ca-sua-nha-trang-hau-giang,2022-03-07 23:06:19
Quán Chay KVegetarian - Nguyễn Đình Chiểu,https://www.foody.vn/https://www.foody.vn/ho-chi-minh/quan-chay-kvegetarian-nguyen-dinh-chieu,2022-03-07 23:06:19
Chè Út Lyly - Nguyễn Trọng Tuyển,https://www.foody.vn/https://www.foody.vn/ho-chi-minh/che-ut-lyly,2022-03-07 23:06:19
"3 Râu - Gà Rán, Pizza & Trà Sữa - 122 Nguyễn Duy Trinh",https://www.foody.vn/https://www.foody.vn/ho-chi-minh/3-rau-ga-ran-pizza-tra-sua-nguyen-duy-trinh,2022-03-07 23:06:19
Gà rán và Mì Ý - Jollibee - Lê Văn Việt,https://www.foody.vn/https://www.foody.vn/ho-chi-minh/ga-ran-va-mi-y-jollibee-le-van-viet,2022-03-07 23:06:19
The Refinery - Ẩm Thực Pháp,https://www.foody.vn/https://www.foody.vn/ho-chi-minh/the-refinery,2022-03-07 23:06:19
Thiên Ân Quán - Tạ Uyên,https://www.foody.vn/https://www.foody.vn/ho-chi-minh/thien-an-quan-ta-uyen,2022-03-07 23:06:19
Sinh Tố Đường Tàu - Thích Quảng Đức,https://www.foody.vn/https://www.foody.vn/ho-chi-minh/sinh-to-duong-tau-thich-quang-duc,2022-03-07 23:06:19
Bánh Cuốn & Bánh Đúc Nóng - Hương Vị Bắc,https://www.foody.vn/https://www.foody.vn/ho-chi-minh/banh-cuon-banh-duc-nong-huong-vi-bac,2022-03-07 23:06:19
Sandwich - Hamburger Chía Núi - Nguyễn Trãi,https://www.foody.vn/https://www.foody.vn/ho-chi-minh/sandwich-hamburger-chia-nui-nguyen-trai,2022-03-07 23:06:19
Bake Cheese Tart - Ngô Đức Kế,https://www.foody.vn/https://www.foody.vn/ho-chi-minh/bake-cheese-tart,2022-03-07 23:06:19
Hủ Tiếu Mực Như Ý - Nguyễn Sơn,https://www.foody.vn/https://www.foody.vn/ho-chi-minh/hu-tieu-muc-nhu-y-59-ngyen-son,2022-03-07 23:06:19
Mr. Tea - Trà Đào & Trà Chanh - Hoa Sứ,https://www.foody.vn/https://www.foody.vn/ho-chi-minh/mr-tea-tra-dao-tra-chanh-hoa-su,2022-03-07 23:06:19
Sài Gòn Givral Bakery - Cao Thắng,https://www.foody.vn/https://www.foody.vn/ho-chi-minh/sai-gon-givral-bakery-cao-thang,2022-03-07 23:06:19
Cơm Tấm Nụ,https://www.foody.vn/https://www.foody.vn/ho-chi-minh/com-tam-nu,2022-03-07 23:06:19
Long Mập - Mì Xào Bò & Cá Viên Chiên - Huỳnh Tấn Phát,https://www.foody.vn/https://www.foody.vn/ho-chi-minh/long-map-mi-xao-bo-ca-vien-chien-huynh-tan-phat,2022-03-07 23:06:19
The Tea Of Life,https://www.foody.vn/https://www.foody.vn/ho-chi-minh/the-tea-of-life,2022-03-07 23:06:19
Cô Hoa - Vú Heo Chiên,https://www.foody.vn/https://www.foody.vn/ho-chi-minh/co-hoa-vu-heo-chien,2022-03-07 23:06:19
Yummy Fried Chicken - Gà Rán Hàn Quốc - Bông Sao,https://www.foody.vn/https://www.foody.vn/ho-chi-minh/yummy-fried-chicken-ga-ran-han-quoc-bong-sao,2022-03-07 23:06:19
Mây Bốn Phương - Quán Ăn Á & Âu,https://www.foody.vn/https://www.foody.vn/ho-chi-minh/may-bon-phuong-quan-an-a-au,2022-03-07 23:06:19
Cá Viên Chiên 102 - An Dương Vương,https://www.foody.vn/https://www.foody.vn/ho-chi-minh/ca-vien-chien-102-an-duong-vuong,2022-03-07 23:06:19
Khánh Linh Cafe & Yaour,https://www.foody.vn/https://www.foody.vn/ho-chi-minh/khanh-linh-cafe-yaour,2022-03-07 23:06:19
Cà Ri Ấn Độ - Nhật Tảo,https://www.foody.vn/https://www.foody.vn/ho-chi-minh/ca-ri-an-do-nhat-tao,2022-03-07 23:06:19
Quán Đông Hà - Bánh Canh Cá Lóc,https://www.foody.vn/https://www.foody.vn/ho-chi-minh/quan-dong-ha-banh-canh-ca-loc,2022-03-07 23:06:19
Artisan Baked - Bánh Biscotti,https://www.foody.vn/https://www.foody.vn/ho-chi-minh/artisan-baked-banh-biscotti,2022-03-07 23:06:19
Bánh 9 Sạch - Bánh Sầu Riêng - Phạm Văn Chiêu,https://www.foody.vn/https://www.foody.vn/ho-chi-minh/banh-9-sach-banh-sau-rieng-pham-van-chieu,2022-03-07 23:06:19
Artisan Baked - Bánh Biscotti - Nguyễn Duy,https://www.foody.vn/https://www.foody.vn/ho-chi-minh/artisan-baked-banh-biscotti-nguyen-duy,2022-03-07 23:06:19
Bánh 9 Sạch - Bánh Sầu Riêng - Shop Online,https://www.foody.vn/https://www.foody.vn/ho-chi-minh/banh-9-sach-banh-sau-rieng-shop-online,2022-03-07 23:06:19
2 Béo - Bánh Sầu Riêng - Shop Online,https://www.foody.vn/https://www.foody.vn/ho-chi-minh/2-beo-banh-sau-rieng-shop-online,2022-03-07 23:06:19
Biscotti - Bánh Hạt Dinh Dưỡng - Phú Thọ Hòa,https://www.foody.vn/https://www.foody.vn/ho-chi-minh/biscotti-banh-hat-dinh-duong,2022-03-07 23:06:19
Bánh 9 Sạch - Bánh Sầu Riêng - Đường Số 7,https://www.foody.vn/https://www.foody.vn/ho-chi-minh/banh-9-sach-banh-sau-rieng-duong-so-7,2022-03-07 23:06:19
Bánh Lọc Lọc Huế,https://www.foody.vn/https://www.foody.vn/ho-chi-minh/banh-loc-loc-hue-phu-nhuan-plaza,2022-03-07 23:06:19
Biscotti - Bánh Hạt Dinh Dưỡng - Nguyễn Duy,https://www.foody.vn/https://www.foody.vn/ho-chi-minh/biscotti-banh-hat-dinh-duong-nguyen-duy,2022-03-07 23:06:19
Kem Nhãn Ngân Ngân - Tạ Quang Bửu,https://www.foody.vn/https://www.foody.vn/ho-chi-minh/kem-nhan-ngan-ngan-ta-quang-buu,2022-03-07 23:06:19
Bún Riêu Vịt - Bún - 2429 Phạm Thế Hiển,https://www.foody.vn/https://www.foody.vn/ho-chi-minh/bun-rieu-vit-bun-2429-pham-the-hien.glosrw,2022-03-07 23:06:19
KOI Thé - Lotte Mart Nam Sài Gòn,https://www.foody.vn/https://www.foody.vn/ho-chi-minh/koi-the-lotte-mart-nam-sai-gon,2022-03-07 23:06:19
Pasta Box - Mì Ý Truyền Thống,https://www.foody.vn/https://www.foody.vn/ho-chi-minh/pasta-box,2022-03-07 23:06:19
Uchi Sushi,https://www.foody.vn/https://www.foody.vn/ho-chi-minh/uchi-sushi,2022-03-07 23:06:19
Bún Thái Ngon Muối Ớt Xanh 4 - Shop Online,https://www.foody.vn/https://www.foody.vn/ho-chi-minh/bun-thai-ngon-muoi-ot-xanh-4-shop-online,2022-03-07 23:06:19
Phố Nướng Tư Trì - Nguyễn Súy,https://www.foody.vn/https://www.foody.vn/ho-chi-minh/tu-tri-nguyen-suy,2022-03-07 23:06:19
Bò Bía Bình Dân,https://www.foody.vn/https://www.foody.vn/ho-chi-minh/bo-bia-binh-dan,2022-03-07 23:06:19
Bò Bía - Âu Dương Lân,https://www.foody.vn/https://www.foody.vn/ho-chi-minh/bo-bia-au-duong-lan,2022-03-07 23:06:19
Há Cảo & Bò Bía,https://www.foody.vn/https://www.foody.vn/ho-chi-minh/ha-cao-bo-bia,2022-03-07 23:06:19
"Cô Hiếu - Gỏi Cuốn, Bì Cuốn & Bò Bía",https://www.foody.vn/https://www.foody.vn/ho-chi-minh/co-hieu-goi-cuon-bi-cuon-bo-bia,2022-03-07 23:06:19
Highlands Coffee - 173 Đặng Văn Bi,https://www.foody.vn/https://www.foody.vn/ho-chi-minh/highlands-coffee-dang-van-bi,2022-03-07 23:06:19
Nem Nướng Đà Lạt Cô Út,https://www.foody.vn/https://www.foody.vn/ho-chi-minh/nem-nuong-da-lat-co-ut,2022-03-07 23:06:19
Gà Rán KFC - Hậu Giang,https://www.foody.vn/https://www.foody.vn/ho-chi-minh/kfc-hau-giang,2022-03-07 23:06:19
Trà Sữa Maycha - Lê Văn Sỹ,https://www.foody.vn/https://www.foody.vn/ho-chi-minh/tra-sua-maycha-le-van-sy,2022-03-07 23:06:19
Hẻm Spaghetti - Nguyễn Đình Chiểu,https://www.foody.vn/https://www.foody.vn/ho-chi-minh/hem-spaghetti-nguyen-dinh-chieu,2022-03-07 23:06:19
Highni Rooftop - Smoothies & Herbal Tea,https://www.foody.vn/https://www.foody.vn/ho-chi-minh/highni-rooftop-smoothies-herbal-tea,2022-03-07 23:06:19
Sumo BBQ - SC VivoCity - Buffet Nướng & Lẩu,https://www.foody.vn/https://www.foody.vn/ho-chi-minh/sumo-bbq-buffet-nuong-lau-sc-vivocity,2022-03-07 23:06:19
Bánh Mì Nguyên Hương - Nguyễn Thiện Thuật,https://www.foody.vn/https://www.foody.vn/ho-chi-minh/banh-mi-nguyen-huong-nguyen-thien-thuat,2022-03-07 23:06:19
Trà Dâu Đà Lạt - 786 Cách Mạng Tháng 8,https://www.foody.vn/https://www.foody.vn/ho-chi-minh/tra-dau-da-lat-786-cach-mang-thang-8,2022-03-07 23:06:19
Chewy Chewy - Cafe & Bánh - Hồng Bàng,https://www.foody.vn/https://www.foody.vn/ho-chi-minh/chewy-chewy-cafe-banh,2022-03-07 23:06:19
Ốc Quỳnh - Nhiêu Tứ,https://www.foody.vn/https://www.foody.vn/ho-chi-minh/oc-quynh-nhieu-tu,2022-03-07 23:06:19
Quán Chay An Minh,https://www.foody.vn/https://www.foody.vn/ho-chi-minh/quan-chay-an-minh,2022-03-07 23:06:20
Tường Trà - Quán Chay Gia Truyền,https://www.foody.vn/https://www.foody.vn/ho-chi-minh/tuong-tra-quan-chay-gia-truyen,2022-03-07 23:06:20
Quán Chay 372,https://www.foody.vn/https://www.foody.vn/ho-chi-minh/quan-chay-372,2022-03-07 23:06:20
Rạn Biển 8 - Trần Não,https://www.foody.vn/https://www.foody.vn/ho-chi-minh/ran-bien-8-tran-nao,2022-03-07 23:06:20
Quán Cháo Vịt Bảy Khương,https://www.foody.vn/https://www.foody.vn/ho-chi-minh/quan-chao-vit-bay-khuong,2022-03-07 23:06:20
Bún Đậu Mắm Tôm Tiểu Bảo - Hòa Hảo,https://www.foody.vn/https://www.foody.vn/ho-chi-minh/bun-dau-mam-tom-tieu-bao-hoa-hao,2022-03-07 23:06:20
Quán Cơm A Sử,https://www.foody.vn/https://www.foody.vn/ho-chi-minh/quan-com-a-su,2022-03-07 23:06:20
Cõi Xưa Cafe - Tân Canh,https://www.foody.vn/https://www.foody.vn/ho-chi-minh/coi-xua-cafe-tan-binh,2022-03-07 23:06:20
Bánh Mì Thi,https://www.foody.vn/https://www.foody.vn/ho-chi-minh/banh-mi-thi,2022-03-07 23:06:20
Bánh Mì Bread Brothers - Xuân Thủy,https://www.foody.vn/https://www.foody.vn/ho-chi-minh/bread-brothers-banh-mi-viet,2022-03-07 23:06:20
Quốc Xương - Mì Trung Hoa,https://www.foody.vn/https://www.foody.vn/ho-chi-minh/quoc-xuong-mi-trung-hoa,2022-03-07 23:06:20
Naan & Masala - Quán Ăn Ấn Độ,https://www.foody.vn/https://www.foody.vn/ho-chi-minh/naan-masala-quan-an-an-do,2022-03-07 23:06:20
Nhà Hàng Việt Nam Thuần Chay Đậu Đỏ,https://www.foody.vn/https://www.foody.vn/ho-chi-minh/nha-hang-viet-nam-thuan-chay-dau-do,2022-03-07 23:06:20
Bánh Tráng Lý - Nguyễn Trọng Tuyển,https://www.foody.vn/https://www.foody.vn/ho-chi-minh/banh-trang-ly-nguyen-trong-tuyen,2022-03-07 23:06:20
Quán Chay Viên Mỹ,https://www.foody.vn/https://www.foody.vn/ho-chi-minh/quan-chay-vien-my,2022-03-07 23:06:20
Cá Viên Chiên - Trần Não,https://www.foody.vn/https://www.foody.vn/ho-chi-minh/ca-vien-chien-tran-nao,2022-03-07 23:06:20
Bún Chả Hà Nội Gia Bảo - Hòa Hảo,https://www.foody.vn/https://www.foody.vn/ho-chi-minh/bun-cha-ha-noi-gia-bao-hoa-hao,2022-03-07 23:06:20
Gia Bảo - Bún Chả Hà Nội - Nguyễn Đức Thuận,https://www.foody.vn/https://www.foody.vn/ho-chi-minh/gia-bao-bun-cha-ha-noi-nguyen-duc-thuan.jlijgv,2022-03-07 23:06:20
Bao Bei - Chinese Restaurant - Terra Royal,https://www.foody.vn/https://www.foody.vn/ho-chi-minh/bao-bei-chinese-restaurant-terra-royal,2022-03-07 23:06:20
Sushi Way - Điện Biên Phủ,https://www.foody.vn/https://www.foody.vn/ho-chi-minh/sushi-way-dien-bien-phu,2022-03-07 23:06:20
Quán Chay Hội Ngộ - Hồ Thành Biên,https://www.foody.vn/https://www.foody.vn/ho-chi-minh/quan-chay-hoi-ngo-ho-thanh-bien,2022-03-07 23:06:20
Quán Năm Dê Long Thành,https://www.foody.vn/https://www.foody.vn/ho-chi-minh/nam-de-long-thanh,2022-03-07 23:06:20
Quán Chay Tịnh Tâm - Hàn Hải Nguyên,https://www.foody.vn/https://www.foody.vn/ho-chi-minh/tinh-tam-han-hai-nguyen,2022-03-07 23:06:20
Quán Chay Lục Diệp - Nguyễn Tri Phương,https://www.foody.vn/https://www.foody.vn/ho-chi-minh/quan-chay-luc-diep-nguyen-tri-phuong,2022-03-07 23:06:20
Trà Sữa Mr Tea - Lê Quý Đôn,https://www.foody.vn/https://www.foody.vn/ho-chi-minh/tra-sua-mr-tea-le-quy-don,2022-03-07 23:06:20
Bún Riêu Cô Lệ,https://www.foody.vn/https://www.foody.vn/ho-chi-minh/bun-rieu-co-le,2022-03-07 23:06:20
Quán O Bí - Bún Bò Huế,https://www.foody.vn/https://www.foody.vn/ho-chi-minh/quan-o-bi-bun-bo-hue,2022-03-07 23:06:20
Bún Cá Chú Hoàng - Phú Thuận,https://www.foody.vn/https://www.foody.vn/ho-chi-minh/bun-ca-chu-hoang-phu-thuan,2022-03-07 23:06:20
Nhà Mái Tole - Gà Sốt Hàn Quốc - Đường Số 16,https://www.foody.vn/https://www.foody.vn/ho-chi-minh/nha-mai-tole-ga-sot-han-quoc-duong-so-16.gl70z9,2022-03-07 23:06:20
Nhà Thái - Ẩm Thực Thái Lan,https://www.foody.vn/https://www.foody.vn/ho-chi-minh/nha-thai-am-thuc-thai-lan,2022-03-07 23:06:20
Sầu Riêng Sài Gòn - Shop Online,https://www.foody.vn/https://www.foody.vn/ho-chi-minh/sau-rieng-sai-gon-shop-online,2022-03-07 23:06:20
Chasu Tea - Trà Sữa Sạch Trái Cây Tươi,https://www.foody.vn/https://www.foody.vn/ho-chi-minh/chasu-tea-tra-sua-sach-trai-cay-tuoi,2022-03-07 23:06:20
Chasu - Sinh Tố Sữa Chua Nếp Cẩm & Trái Cây Tươi,https://www.foody.vn/https://www.foody.vn/ho-chi-minh/chasu-sinh-to-sua-chua-nep-cam-trai-cay-tuoi,2022-03-07 23:06:20
Bánh Mì Nướng Muối Ớt,https://www.foody.vn/https://www.foody.vn/ho-chi-minh/banh-mi-nuong-muoi-ot-d2,2022-03-07 23:06:20
Cơm Gà 68 - Cơm Gà Sốt Dầu Hào Tỏi Phi - Đường Số 8,https://www.foody.vn/https://www.foody.vn/ho-chi-minh/com-ga-68-com-ga-sot-dau-hao-toi-phi-duong-so-8,2022-03-07 23:06:20
Cháo Thịt Bằm Cô Trúc - Bùi Văn Ba,https://www.foody.vn/https://www.foody.vn/ho-chi-minh/chao-thit-bam-co-truc-bui-van-ba,2022-03-07 23:06:20
Trà Dâu Bà Chế - Nguyễn Thượng Hiền,https://www.foody.vn/https://www.foody.vn/ho-chi-minh/tra-dau-ba-che-nguyen-thuong-hien,2022-03-07 23:06:20
Nhoy Tea - Trà Sữa & Bánh Tráng,https://www.foody.vn/https://www.foody.vn/ho-chi-minh/nhoy-tea-tra-sua-banh-trang,2022-03-07 23:06:20
Ăn Vặt - Há Cảo Hong Kong - Tôn Đản,https://www.foody.vn/https://www.foody.vn/ho-chi-minh/an-vat-ha-cao-hong-kong-ton-dan,2022-03-07 23:06:20
Biscotti - Bánh Hạt Dinh Dưỡng - Liên Khu 5 - 6,https://www.foody.vn/https://www.foody.vn/ho-chi-minh/biscotti-banh-hat-dinh-duong-lien-khu-5-6,2022-03-07 23:06:20
Bột Chiên - Hoàng Sa,https://www.foody.vn/https://www.foody.vn/ho-chi-minh/bot-chien-hoang-sa,2022-03-07 23:06:20
Khóm - Coffee & Tea,https://www.foody.vn/https://www.foody.vn/ho-chi-minh/khom-coffee-tea,2022-03-07 23:06:20
Quảng Ngãi Quán 76 - Ram - Lê Thúc Hoạch,https://www.foody.vn/https://www.foody.vn/ho-chi-minh/quang-ngai-quan-76-ram-bap-bun-mam-nem,2022-03-07 23:06:20
Ốc Oanh 1 - Vĩnh Khánh,https://www.foody.vn/https://www.foody.vn/ho-chi-minh/oc-oanh,2022-03-07 23:06:20
Gogi House - Nướng Hàn Quốc - Phan Xích Long,https://www.foody.vn/https://www.foody.vn/ho-chi-minh/gogi-house-nuong-han-quoc-phan-xich-long,2022-03-07 23:06:20
Hủ Tiếu Mì Cá Viên & Tàu Hủ,https://www.foody.vn/https://www.foody.vn/ho-chi-minh/hu-tieu-mi-ca-vien-tau-hu,2022-03-07 23:06:20
Quán Ốc & Lẩu Bò 07,https://www.foody.vn/https://www.foody.vn/ho-chi-minh/quan-oc-lau-bo-07,2022-03-07 23:06:20
Sườn Nướng Cao Bồi & Beer,https://www.foody.vn/https://www.foody.vn/ho-chi-minh/suon-nuong-cao-boi-beer-song-hanh,2022-03-07 23:06:20
